{"0": [1.0, 1.5707963267948966, 1.5707963267948966], "1": [1.0, 1.4352908548433418, 1.720181878884705], "2": [1.0, 1.8549073077146971, 1.545166162797989], "3": [1.0, 1.2952446897647742, 1.3522868959028458], "4": [1.0, 1.6394448047226493, 1.9700224540157645], "5": [0.9999999999999999, 1.8080873675232905, 1.180791805883027], "6": [1.0, 1.091842018528401, 1.7108476427437251], "7": [1.0, 2.0431326154605607, 1.8393596008187223], "8": [1.0, 1.3827056364142374, 1.022542370202944], "9": [0.9999999999999999, 1.3496178843158684, 2.1468648746695425], "10": [1.0, 2.1482255067988563, 1.2609890901690401], "11": [1.0, 0.92763304206156, 1.3334953883472287], "12": [1.0, 1.904233076909918, 2.2114040059207953], "13": [0.9999999999999999, 1.7163494753442707, 0.8409159689793291], "14": [1.0, 0.964162865431348, 2.080423925489987], "15": [1.0, 2.3619352971874834, 1.7022562908530563], "16": [0.9999999999999999, 1.0764688872243122, 0.8769665529773073], "17": [0.9999999999999999, 1.5396265294773892, 2.4249130734484217], "18": [1.0, 2.1461391814426696, 0.8609675408492298], "19": [1.0, 0.6652231900883684, 1.6297729056934707], "20": [1.0, 2.235138537086069, 2.282967732914243], "21": [0.9999999999999999, 1.4615519379486108, 0.6177597166192185], "22": [1.0, 1.075963679617848, 2.458391977030838], "23": [0.9999999999999999, 2.5392900002073087, 1.237442868986911], "24": [1.0, 0.7322689090208635, 0.8796887026413344], "25": [0.9999999999999999, 1.838062554647463, 2.602719924625237], "26": [0.9999999999999999, 1.9488830713348608, 0.5361450670349917], "27": [1.0, 0.6064638851233461, 2.218458547035424], "28": [0.9999999999999999, 2.58222048885929, 2.1827875844873317], "29": [1.0, 1.1335362966754814, 0.47479086311738455], "30": [1.0, 1.3343196132786606, 2.724376687998095], "31": [1.0, 2.465740756333378, 0.6403079436546922], "32": [1.0, 0.39782523423337135, 1.149479129126361], "33": [1.0, 2.1861958899408953, 2.721083659529997], "34": [0.9999999999999999, 1.6492897792149057, 0.31950687589294496], "35": [0.9999999999999999, 0.7927847068057059, 2.7177806322763853], "36": [0.9999999999999999, 2.8653240506838236, 1.5535890810219903], "37": [1.0, 0.77180795028102, 0.3704968861222061], "38": [1.0, 1.6606765524921807, 2.9061588870062596], "39": [1.0, 2.2028494061198116, 0.2660385558352061], "40": [1.0, 0.2631977073905351, 2.3119799564848513], "41": [0.9999999999999999, 2.5567372522513114, 2.8253082536064023], "42": [0.9999999999999999, 1.3064682513421992, 0.15761871085972307], "43": [1.0, 1.101096282037654, 2.993794265388251], "44": [1.0, 2.7702220158254063, 0.31117927595999756], "45": [1.0, 0.3966491600108344, 0.2375423529519626], "46": [1.0, 2.0121761914252327, 3.06331104615406], "47": [1.0, 1.8694666182600606, 0.05286917893848254], "48": [1.0, 0.5308862633651092, 3.0817046768612206], "49": [0.9999999999999999, 2.9298289569878495, 3.0935163153903598], "50": [1.0, 0.953191916042625, -0.012390119609329973], "51": [1.0, 1.4468647872303904, -3.1110506640313873], "52": [1.0, 2.4349165165789284, -0.07786135594210986], "53": [0.9999999999999999, 0.07958845238018591, -1.0959156127929393], "54": [0.9999999999999999, 2.359318990093926, -3.012263971582389], "55": [1.0, 1.5200267415671744, -0.11148525988533481], "56": [1.0, 0.8873866703779295, -2.9714290420687353], "57": [0.9999999999999999, 2.9361599184906586, -0.8371753060354468], "58": [1.0, 0.6242517728374781, -0.2981889785571623], "59": [1.0, 1.7926822118016856, -2.943558283632987], "60": [1.0, 2.073418004838641, -0.24448672700794008], "61": [1.0, 0.38930605670403384, -2.4828697620469304], "62": [1.0, 2.6473731340416764, -2.580198904123858], "63": [0.9999999999999999, 1.1855891818572108, -0.29871554101005987], "64": [1.0, 1.2458975080827095, -2.8273455899298923], "65": [0.9999999999999999, 2.5653350792344187, -0.6121998378677659], "66": [1.0, 0.4206357346449409, -0.9549961177740411], "67": [1.0, 2.1056827320577733, -2.7181169709454784], "68": [0.9999999999999999, 1.7240363576321498, -0.38781746866695277], "69": [1.0, 0.7613048422426083, -2.5338241266603814], "70": [1.0, 2.7079961748123216, -1.739941436833245], "71": [1.0, 0.9085407339642304, -0.583289837579318], "72": [0.9999999999999999, 1.5794867254120761, -2.6697115455170346], "73": [1.0, 2.1995706443721312, -0.6273662825058431], "74": [1.0, 0.5260198662251109, -1.7397091720747164], "75": [1.0, 2.3257432962558098, -2.3558836172503788], "76": [1.0, 1.4149395415275856, -0.572722629448748], "77": [1.0, 1.115851991556807, -2.4748085025313658], "78": [1.0, 2.477505830578216, -1.2058848547044645], "79": [1.0, 0.7724385553117198, -1.0235343079601755], "80": [1.0, 1.8518719538388686, -2.4453636667632117], "81": [0.9999999999999999, 1.8622635297571914, -0.7266709428497329], "82": [1.0, 0.8230124377572186, -2.0320786428583295], "83": [1.0, 2.352611444481682, -1.8763416093496175], "84": [0.9999999999999999, 1.196523413945618, -0.8462600192547493], "85": [1.0, 1.4273150732041826, -2.33111311028561], "86": [1.0, 2.151691265962682, -1.0802077038643876], "87": [1.0, 0.8656800817789257, -1.4687656334541779], "88": [1.0, 1.99295446836804, -2.120588440342746], "89": [0.9999999999999999, 1.589822860565575, -0.9241754643424056], "90": [1.0, 1.1575664526038805, -2.0367827963959186], "91": [1.0, 2.1462636750010526, -1.5344456920882963], "92": [1.0, 1.1627623324237824, -1.209325950672327], "93": [1.0, 1.6390955638009022, -2.0639557546348204], "94": [1.0, 1.8199860609848226, -1.1880498010126292], "95": [1.0, 1.1773800766474554, -1.66858945807249], "96": [1.0, 1.8745588970909337, -1.7472927647700562], "97": [1.0, 1.482548786214392, -1.2992027315393397], "98": [1.0, 1.488598835080427, -1.7548095255095468], "99": [1.0, 1.5707963267948966, -1.5707963267948966]}